fn_name,rmse,rsquared
f_guess,2.5470699888588686,0.12003170424651236
f_guess2,3.161768844002654,0.2980174153919696
xsq,42.22504191383356,0.22494680958583232
xcub,388.6470314039689,0.32902140713756195
logx1,3.54826331245571,0.12248168559184852
my_weird_fn,3.0610980562078383,0.4677030383134019
